"year","month","mean_rate"
2023,1,5.2017670544711
2023,2,5.16800758838654
2023,3,5.20908264491869
2023,4,5.01663337435041
2023,5,4.97823045564734
2023,6,4.85000655764625
2023,7,4.79983633214777
2023,8,4.90731738961261
2023,9,4.94192497730255
2023,10,5.0578422979875
2023,11,4.89883891018954
2023,12,4.89727092924572
